user_id,name,age,gender,email,region_id
1,Brandon Russell,66,F,robersonnancy@example.com,202
2,Evelyn Christian,52,M,derekhoffman@example.net,705
3,Aaron Graham,18,M,johnsnicholas@example.org,261
4,Jerome Whitehead,39,Other,estradadavid@example.org,516
5,Jeffrey Woods,70,Other,xmonroe@example.com,361
6,Robert Clark,50,Other,alexander86@example.net,658
7,Rebecca Carlson,48,Other,ameyer@example.com,199
8,Sarah Brewer,27,F,mcintyredominique@example.org,789
9,Julian Henson,42,F,xhughes@example.com,278
10,Kevin Decker,20,F,alexander53@example.com,517
11,Misty Stout,34,Other,victoria38@example.com,134
12,Mrs. Kimberly Gray,36,F,iwilliams@example.com,937
13,David Bell,37,Other,stephanie60@example.org,980
14,Katrina Mann,47,F,hamiltonalan@example.net,67
15,Joshua Reid,27,Other,gallowayjose@example.com,488
16,Justin Gutierrez,67,M,fowlertara@example.com,88
17,Sergio Thomas,41,M,juliesummers@example.net,719
18,Joseph Medina,63,M,robinbarton@example.com,190
19,Jean Martinez,64,M,zachary29@example.com,926
20,Patrick Gibson,25,M,baileymonica@example.net,72
21,Michelle Hayes,22,Other,bmoody@example.org,381
22,Shelby Robertson,38,M,matthewgarcia@example.net,710
23,Steven Peterson,46,F,sarah33@example.com,80
24,Andrew Mason,19,M,williamchang@example.org,265
25,Justin Miller,38,Other,christopher88@example.org,797
26,Rhonda Ferguson,21,Other,zvasquez@example.org,969
27,Ross Lane,70,F,opeterson@example.net,890
28,Lisa Smith,26,Other,lcooper@example.org,942
29,Heather Murray,23,M,nstewart@example.com,126
30,Paul Hoover,25,F,patrickshaffer@example.com,105
31,Derek Middleton,66,Other,srichardson@example.org,284
32,Kathryn Jacobs,59,F,raymondbrett@example.com,701
33,John Cannon,38,F,john74@example.com,939
34,Hailey Rush,34,M,rmason@example.com,864
35,Catherine Smith,34,M,egross@example.net,515
36,Zachary Thomas,61,F,patricia39@example.org,347
37,Steven Clay,30,M,janice05@example.net,828
38,Michael Brown,68,M,justin65@example.com,23
39,Adam Nunez,64,Other,brandonwarren@example.net,810
40,Sara Turner,35,Other,hwalker@example.org,363
41,Louis Grant,35,F,abigailweeks@example.net,53
42,Jennifer Moody,61,Other,brownryan@example.net,909
43,Herbert Snyder,63,Other,sarahdavila@example.org,394
44,Daniel Powell,26,Other,smithdiana@example.net,656
45,Tim Wright,23,Other,lhale@example.com,757
46,Michael Underwood,56,F,zacharygoodman@example.org,281
47,Jason Dixon,55,M,mmyers@example.com,16
48,Tanner Oneill,39,M,donald12@example.org,939
49,Scott Arnold,21,Other,wallacemichael@example.com,34
50,Timothy Rodriguez,30,Other,watkinsmark@example.org,383
51,Christine Cruz,19,Other,emartinez@example.org,534
52,Abigail Mccormick,26,Other,riveracorey@example.org,166
53,Timothy Stanley,70,F,browndanny@example.net,312
54,Michael Howard,21,M,lisayoung@example.com,153
55,Charles Leonard,53,Other,mark65@example.org,851
56,Amy Brown,38,Other,keithmartinez@example.org,611
57,Lisa Saunders,65,Other,sabrina85@example.com,279
58,Sarah Mcdowell,70,Other,michael05@example.net,637
59,Maria Miller,51,F,chelseawallace@example.org,584
60,Tina Ferguson,58,F,ereid@example.org,270
61,Hunter Strickland,29,M,desiree88@example.org,443
62,David Johnson,45,F,kimberlydiaz@example.org,171
63,Miguel Garcia,27,Other,orozcocharles@example.org,459
64,Heather King,21,Other,oliverapril@example.net,894
65,Mary Martinez,68,M,justin47@example.org,639
66,Ryan Harvey,48,Other,whood@example.net,719
67,Tanner Hughes,52,F,aclark@example.com,924
68,Ryan Thompson,52,F,robert64@example.org,477
69,Barbara Carroll,62,F,ashley83@example.com,559
70,Joshua Stanley,70,F,wadekyle@example.org,120
71,Jonathan Henderson,54,M,georgewilliams@example.org,704
72,Amy Lane,36,Other,richardhiggins@example.com,636
73,Teresa Jones,54,M,christopherwilliams@example.net,857
74,Meredith Clark,28,Other,mooredawn@example.org,321
75,Amber Jenkins,58,F,vgilbert@example.net,792
76,Matthew Mccann,67,Other,millerjason@example.net,899
77,Brandy Mccarthy,19,M,michael64@example.com,948
78,Clinton Rice,67,M,esparzasara@example.net,341
79,Brianna Blake,33,F,gibsondiana@example.net,60
80,Kristen Johnson,33,M,lindsey75@example.net,212
81,Sandra Gallagher,28,Other,james05@example.org,562
82,Katherine Watson,55,F,galvarado@example.net,850
83,Crystal Reyes,49,F,williammarquez@example.com,761
84,Nicole Hobbs,61,M,mrogers@example.net,753
85,Rachel Villanueva,53,M,matthew72@example.org,240
86,Micheal Brown,41,F,miguelwilliams@example.org,207
87,Carol Jennings,30,F,kelseygilmore@example.net,917
88,Catherine Bird,35,M,ruizjoshua@example.net,985
89,Jessica Jones,65,M,dfoster@example.net,257
90,Jason Davis,29,Other,scott01@example.org,664
91,Heather Flores,33,F,tarakelley@example.net,814
92,Karen Mack,28,Other,elizabeth02@example.org,718
93,Christina Byrd,61,Other,apatterson@example.com,516
94,Tanya Adams,23,M,amy15@example.org,523
95,Bailey Anderson,19,M,greenezachary@example.com,454
96,Amy Lopez,52,M,jeremy67@example.org,339
97,Ian Hurley,34,Other,gonzalezchristopher@example.org,54
98,Colton Glenn,68,Other,pmeyers@example.com,812
99,Jessica West,30,M,perryclifford@example.com,560
100,Jenna Whitaker,47,Other,micheal15@example.net,895
101,Alexander Myers,64,Other,antonio34@example.com,353
102,Brittany Jacobs,65,F,jeremy09@example.com,344
103,Christine Allen,57,Other,tgrant@example.org,676
104,John Rivera,66,F,rford@example.com,287
105,Elaine Curtis,24,M,nlucero@example.com,8
106,Justin Moreno,41,M,kimmartin@example.com,762
107,Jill Lynch,69,Other,kimberlythompson@example.net,31
108,Michael Morton,70,Other,aguilaramy@example.com,240
109,Mark Taylor,25,M,maxmatthews@example.org,599
110,Rebecca Perry,54,M,shawnjensen@example.net,460
111,Elizabeth Chapman,34,F,christensenkyle@example.org,895
112,Allison Moore,60,Other,cindy25@example.org,119
113,Andrew Lewis,54,F,robertagraham@example.org,335
114,Ms. Lisa Young,42,F,perryeric@example.net,491
115,Jerry Anderson,66,M,joann09@example.com,720
116,Jeffrey Burke,52,M,jamesevans@example.net,333
117,Kathy Mayo,29,Other,erikjackson@example.com,385
118,Barbara Turner,56,M,jaclynporter@example.net,681
119,Jennifer Tran,42,Other,laurareynolds@example.net,483
120,Angela Adams DDS,33,Other,joel29@example.org,796
121,Mrs. Michelle Davis,43,F,tiffany12@example.com,323
122,Benjamin Stephens,65,M,hodgesdana@example.org,575
123,Cameron Burnett,58,F,hjefferson@example.net,770
124,William Watson Jr.,64,F,susan44@example.net,504
125,Ashley Schneider,34,M,neil77@example.com,400
126,David Wong,27,M,jamie72@example.net,411
127,Nancy Patterson,54,F,kmartin@example.com,720
128,Valerie Foster,23,M,amcdaniel@example.net,89
129,Victoria Perez,49,F,ericgeorge@example.com,478
130,Lisa Montes,32,F,delgadomatthew@example.net,732
131,Alexander Anderson,45,Other,ian22@example.org,95
132,Carrie Hill,62,Other,dpayne@example.com,915
133,Debbie Harrington,51,M,laura13@example.net,399
134,Zoe Turner,60,Other,kerrgary@example.com,312
135,Ralph Stephens,25,Other,dharvey@example.org,280
136,Randy Perez,70,M,nwilliams@example.net,351
137,Jacqueline Bruce,31,M,jeffreybarker@example.org,763
138,Joshua Castillo,67,Other,mcarter@example.com,676
139,Renee Banks,50,M,margaretjohnson@example.net,397
140,Cheyenne Lin,20,M,michelle42@example.net,393
141,Erica Wright,52,M,dodsoncynthia@example.com,912
142,Jeffrey Brown,20,F,woodkatherine@example.net,699
143,Marcus Moses,47,F,diana23@example.com,884
144,Danielle Chapman,63,M,james54@example.com,746
145,Pamela Scott,62,M,lwood@example.com,986
146,Jonathan Brown,55,F,drewgraham@example.org,208
147,Jennifer Snyder,49,F,jasonjohnson@example.net,971
148,Shane Martinez,32,F,ryansellers@example.net,963
149,Paul Morse,44,Other,rodgerscynthia@example.net,648
150,Crystal Blankenship,45,M,johnroy@example.com,732
151,Michael Sanders,29,M,medinalarry@example.com,570
152,Melissa Franco,21,Other,othompson@example.com,159
153,Lauren Maldonado,25,Other,katherinefowler@example.com,802
154,Dr. Alicia Smith,61,M,moralesfrank@example.org,146
155,Matthew Gilmore,65,M,jakesanchez@example.org,411
156,Jonathon Woods,45,F,heathermoss@example.com,853
157,Lauren Santiago,47,Other,dannyrodriguez@example.org,2
158,Heather Berg,19,M,thomasshannon@example.net,833
159,Justin Wright,23,Other,frankharrell@example.com,4
160,Elizabeth Allen,35,Other,maldonadonathan@example.com,940
161,Ashley Palmer,44,F,alexis14@example.org,355
162,Melissa Pearson,68,F,vsanchez@example.com,631
163,Christine Kim,62,F,joneskayla@example.org,514
164,John Gonzalez,32,Other,hardinjessica@example.org,625
165,Monica Hernandez,46,Other,cindyriley@example.net,803
166,David Randolph,63,M,fsmith@example.com,224
167,Angela Jenkins,28,F,imorgan@example.com,503
168,Rachel Hays,41,F,amanda85@example.com,848
169,Sheila Johnston,24,Other,gary37@example.com,606
170,John Glenn,69,Other,sfoster@example.com,421
171,Joshua Gentry,56,F,elizabeth89@example.net,537
172,Molly Rodriguez,59,Other,dominicmercado@example.org,418
173,Victoria Sharp,67,Other,callahanjoshua@example.org,938
174,Logan Roberson,60,Other,matthew56@example.com,292
175,Thomas Sawyer,21,M,eatonphillip@example.com,327
176,Lynn Green,33,F,kellysantiago@example.org,594
177,Daniel Brennan,40,M,williamcohen@example.org,188
178,Douglas Powell,69,Other,robertblair@example.com,399
179,Aimee Gordon,24,Other,garrisonjeffrey@example.com,207
180,Edward Evans,42,F,barberjoel@example.com,626
181,Scott Diaz,47,M,nancyhenderson@example.net,576
182,Stacey Brown,68,Other,bgallegos@example.net,844
183,Charles Estes,20,M,brownchristopher@example.com,76
184,Mary Arroyo,29,Other,hunter67@example.org,968
185,Michael Zhang,56,M,jason69@example.net,959
186,Jonathan Smith,35,M,glennberger@example.org,849
187,Mr. Charles Bishop DDS,38,F,jball@example.org,278
188,Rebekah Ruiz,49,F,nicole35@example.net,959
189,Christina Porter,54,F,wjohnson@example.net,124
190,Linda Mullins,34,F,ngibson@example.com,445
191,Juan Bennett,61,M,valdezjames@example.org,367
192,Sandra Bond,58,F,glenngutierrez@example.net,66
193,Chelsea Garcia,27,F,anita61@example.org,386
194,James Maddox,42,M,ashley77@example.com,853
195,Patrick White,55,F,starkemily@example.com,503
196,Nicholas Park,41,Other,meadowsvickie@example.net,225
197,Tasha Walker,52,M,brianna49@example.org,200
198,Christopher Woods,49,Other,turnerjustin@example.org,755
199,Kimberly Howard,29,F,hahnrebecca@example.net,464
200,Joseph Lester,37,Other,istone@example.com,806
201,George Perry,38,F,angelakline@example.org,78
202,Judy Ortiz,46,Other,jacksonjoseph@example.net,349
203,Dr. Dustin Moran Jr.,40,M,patriciadiaz@example.com,55
204,Sean Terrell,61,Other,wilsonemily@example.net,498
205,William King,27,M,robin37@example.com,731
206,Nicole Hoffman,63,F,moniquemorris@example.com,465
207,Hannah Moss,26,M,katherine70@example.net,884
208,Ashley Gray,26,Other,amandacarter@example.com,831
209,Dustin Martinez,65,Other,rhoward@example.net,540
210,Barry Bauer,36,Other,michaelkim@example.net,60
211,Amy Gonzales,56,F,zacharykline@example.org,475
212,Kelly White DDS,60,F,holderamy@example.org,248
213,Danielle Johnson,49,Other,timothyjames@example.org,984
214,Charles House,42,M,hesscheryl@example.org,250
215,Wendy Jones,42,M,bellerica@example.net,226
216,Joseph Gibson,64,F,perezcrystal@example.org,971
217,Patricia Nolan,38,F,zacharyhuffman@example.org,812
218,Lindsay Morales,61,M,fwebb@example.org,403
219,Patrick Young,43,Other,mbell@example.com,142
220,Casey Garcia,41,M,molinamargaret@example.com,226
221,Julie Nelson,62,F,logan79@example.org,113
222,Stephanie Lopez,28,F,yrodgers@example.net,858
223,Douglas Cannon,48,M,robyn87@example.org,105
224,Gabriella Bennett,53,F,leslie31@example.org,357
225,Gloria Arias,70,Other,eramsey@example.org,620
226,Gary Smith,18,Other,parkerraymond@example.org,54
227,Steven Reid,65,F,donnagarcia@example.org,774
228,Andrea Montes,51,F,zachary39@example.net,552
229,William Parker,56,M,kathleenbennett@example.net,418
230,Yesenia Williams,24,M,walkersteven@example.org,316
231,Crystal Gray,70,F,odonnellluke@example.org,933
232,Adam Sutton,19,F,gilbertortega@example.net,241
233,Jake Lane,38,M,rweber@example.net,635
234,Richard Phillips,68,M,elizabethking@example.org,266
235,James Parsons,37,Other,christinaparker@example.com,705
236,David Huffman,37,Other,jonathan58@example.org,972
237,Richard Brooks,21,F,thompsonlisa@example.org,726
238,Andre Petersen,32,F,jeffreygibson@example.org,831
239,Nicole Nichols,31,F,smithstephanie@example.org,347
240,Brian Vega,56,M,cheyennecrawford@example.org,755
241,Karen Wood,67,M,janetdavis@example.net,658
242,Sandra Richardson,30,M,brownandrew@example.net,1
243,Kristine Gillespie,44,Other,eadams@example.net,653
244,Kim Parks,59,F,stewartjohn@example.com,347
245,Sarah Johnson,22,M,wernertara@example.com,568
246,Patrick Bryant,20,F,robertsherman@example.net,268
247,Holly Gilbert,32,Other,xferguson@example.com,914
248,Louis Wilkerson,26,F,amy84@example.net,243
249,Craig Elliott,37,F,fitzgeraldjacob@example.net,532
250,Robin Strickland,46,M,ffletcher@example.com,630
251,Kenneth Green,47,Other,kathrynramirez@example.com,290
252,David Brown,56,Other,duane60@example.org,815
253,Lisa Stanley,65,M,francisco29@example.org,532
254,Karen Neal PhD,36,M,kennedymark@example.net,720
255,Jeremy Lewis,52,Other,sandra51@example.net,908
256,Linda Hamilton,33,Other,josephthompson@example.com,585
257,Deborah Guzman,43,Other,jeremy12@example.com,25
258,Teresa Thomas,45,Other,silvachristian@example.org,611
259,Nichole Wright,35,Other,ebrooks@example.org,166
260,Eileen Powell,29,F,patrickstevens@example.net,249
261,Nancy Mercer,18,F,xskinner@example.net,78
262,John Mclaughlin,25,M,icarter@example.net,450
263,Jonathan Stone,37,Other,patricia78@example.net,125
264,Katherine Chaney,22,F,cookchad@example.net,692
265,Anthony Leonard,41,Other,parkerjames@example.org,261
266,Thomas Brown,29,Other,jessicachen@example.com,825
267,Brian Wilson,48,F,scott21@example.org,520
268,Nathan Mclaughlin,21,F,karaadams@example.org,279
269,Benjamin Crawford,18,M,rodriguezelizabeth@example.com,966
270,Jennifer Salazar,18,M,kristinaphillips@example.org,572
271,Diane Taylor,35,F,hendersonheather@example.com,611
272,Sheryl Graham,28,Other,richard59@example.org,361
273,Cathy Wolf,36,F,vgill@example.org,252
274,Jaime Wiley,35,M,yesenia68@example.org,461
275,Scott Savage,44,Other,amandajackson@example.com,397
276,Karen Baker,34,Other,jeremiah75@example.com,897
277,Nicole Bowers,47,M,christina19@example.org,553
278,Cynthia Riley,32,M,savannahhall@example.com,426
279,Ryan Castillo,58,F,uball@example.org,96
280,Dawn Bentley,27,M,michael50@example.com,752
281,Donald Robinson,47,M,lanejoshua@example.net,269
282,Brenda Wilson,68,M,hwebb@example.net,725
283,Emily Brewer,23,F,daniellerobbins@example.net,309
284,Alexis Brewer,20,F,marysimmons@example.com,472
285,Jeremy Barrett,21,F,annsantiago@example.net,738
286,Jennifer Deleon,31,M,rbarajas@example.org,783
287,Danielle Reid,42,Other,careymanuel@example.org,967
288,John King,64,F,quinncindy@example.net,160
289,Matthew Doyle,21,M,ladams@example.net,574
290,Frank Ryan,36,Other,stokesdestiny@example.org,868
291,Adam Patterson,21,M,michelleclayton@example.org,430
292,James Lewis,44,Other,laurenmata@example.net,793
293,Lisa Reyes,53,F,swansonkayla@example.net,206
294,Jessica Montes,48,F,ohodges@example.net,837
295,Michelle Spencer,31,M,campossean@example.org,257
296,Dawn Nguyen,24,Other,dorothy94@example.org,529
297,Mrs. Nancy Davis,58,M,thomasdavis@example.net,306
298,Elizabeth Cook,46,Other,jacobwilliams@example.org,758
299,Katherine Patrick,53,F,robertsondebra@example.org,350
300,Carlos Murphy,54,M,christinecain@example.net,616
301,Marie Williams,46,M,tarawolfe@example.net,894
302,Lisa Braun,66,Other,josephjackson@example.org,831
303,Jennifer Lewis,67,F,johnsonheather@example.net,780
304,Robert Williams,32,F,ferrellrobert@example.org,854
305,Dana Moore,23,Other,lauraortiz@example.net,331
306,Billy Armstrong,20,M,sgarcia@example.com,624
307,Carol Garza,51,M,bauerelizabeth@example.com,299
308,Nancy Jordan,39,Other,davisdavid@example.org,780
309,Karen Roman,61,F,fryandrew@example.org,937
310,Becky Powell,70,F,carlos82@example.org,695
311,Michelle Anderson,27,M,oclark@example.com,779
312,Cynthia Hicks MD,18,Other,andrewdavis@example.org,700
313,Billy West,28,Other,wesleyortiz@example.net,478
314,Richard Barnes DVM,48,M,williamscharles@example.com,582
315,Kathleen Moore,57,F,paulgardner@example.org,153
316,Brittany Wallace,39,F,kathryn59@example.org,942
317,Jonathan Dunn,58,M,nicholasroman@example.org,337
318,Sean Leblanc,42,M,larrylittle@example.com,163
319,Matthew Webb,31,F,johnsonkelli@example.org,128
320,Ashley James,40,F,christopher92@example.net,249
321,Gavin Reed,40,Other,javier39@example.com,4
322,Michael Cherry,34,F,jlewis@example.com,639
323,Keith Moore,30,M,michael86@example.com,605
324,Lawrence Hill,52,M,jpruitt@example.com,552
325,Jose Leonard,30,Other,torresrobert@example.com,575
326,Timothy Flores MD,38,Other,ojackson@example.net,703
327,Antonio Moyer,56,F,james67@example.com,213
328,Jackson Ross,32,M,adam32@example.net,210
329,Kenneth Castro,50,M,johnsonmaria@example.com,176
330,Martha Davis,20,F,sherispencer@example.net,64
331,Jodi Leon,45,M,rweeks@example.net,393
332,Stephanie Williams,38,M,jennifer70@example.net,626
333,Amanda Jones,68,F,christopherosborne@example.com,148
334,Calvin Griffin,23,Other,elizabeth04@example.com,625
335,Kevin Jones,32,M,frazierjennifer@example.net,686
336,Mark Johnson,66,F,michaelparker@example.org,675
337,James Wilson,46,Other,daniel37@example.net,348
338,Carly Hunter,51,F,catherinehuerta@example.org,250
339,Kristin Wang,61,M,lindseymiller@example.net,832
340,Timothy Wilson,65,Other,elizabeth33@example.com,4
341,Kimberly Knox,37,F,adam28@example.net,871
342,Sherry Perez,48,M,juanjohnson@example.net,652
343,Justin Maldonado,33,F,carpenterjohn@example.com,983
344,Alicia Wilson,19,Other,ryan12@example.net,535
345,Clifford Johnson,38,M,rittertyler@example.com,996
346,Timothy Smith,45,M,pramos@example.com,400
347,Alexis Keller,40,F,jeanmassey@example.com,366
348,Katrina Nguyen,37,Other,markturner@example.org,533
349,Michael Phelps,31,M,jonesrobert@example.org,681
350,Alexis Neal,56,Other,kjohnson@example.net,828
351,Amy Wilson,60,Other,juliesmith@example.org,476
352,David Baker,21,F,matthew78@example.net,138
353,Courtney Ross,66,Other,dortiz@example.net,574
354,Lisa Hayes,28,Other,paulsantiago@example.com,31
355,Brian Scott,45,M,brittany00@example.net,635
356,Mark Bowman,50,F,michael37@example.com,983
357,Anna Kidd,53,M,robertferrell@example.net,344
358,Thomas Jackson,58,Other,benjaminwright@example.net,53
359,Jennifer Pacheco,33,Other,mlambert@example.net,360
360,Krista Odom,23,Other,richardsonvictor@example.net,411
361,William Gentry,37,F,davidsmith@example.com,982
362,Scott Mitchell,61,M,cwilliams@example.org,258
363,Christina Riggs,62,Other,jenniferward@example.net,990
364,Joshua Morris,19,M,alicia20@example.com,259
365,Elizabeth Marshall,25,M,tyler12@example.net,877
366,Michael Taylor,30,M,wardjoseph@example.org,656
367,Troy Price,50,Other,christopher39@example.org,438
368,Dorothy Clark,22,F,gordonderek@example.org,863
369,Matthew Stokes,33,M,thorton@example.net,970
370,Kenneth Hampton,56,M,brian97@example.org,942
371,Cheyenne Phillips,64,M,jonathan98@example.org,624
372,Emily Martin,44,Other,qharris@example.com,387
373,Travis Morris,66,Other,jennifer52@example.net,632
374,Benjamin Carter,30,F,matthew24@example.org,761
375,Matthew Shelton,18,F,kim81@example.org,805
376,Cathy Odonnell,34,M,hardynicholas@example.net,888
377,Jennifer Wilson,20,F,simmonscaitlin@example.org,402
378,Stephen Quinn,38,M,zmurray@example.net,39
379,Rhonda Roberts,23,F,vroberts@example.com,286
380,Taylor Smith,27,M,herrerarenee@example.net,297
381,Alan Stokes,38,F,lisaferrell@example.net,440
382,Hannah Riley,27,M,elliottbeth@example.net,298
383,Jessica Hunter,22,Other,jason97@example.org,848
384,Jordan Henry,60,F,lopezcharles@example.com,944
385,George Watson,35,M,jeffrey94@example.org,778
386,Peter Gregory,60,M,beandustin@example.com,76
387,Nancy Jones,62,M,lwalton@example.com,140
388,Roger Hardy,68,Other,lnewton@example.com,260
389,Robert Cox,43,F,tstevens@example.net,188
390,Jessica Smith,46,F,rjones@example.org,217
391,Brian Lara,21,F,williamschristopher@example.com,672
392,Angela Williams,26,F,jamie57@example.net,881
393,William Ayala,58,M,patriciahorn@example.net,786
394,Melanie Hunter,27,Other,todddanielle@example.org,118
395,Clarence Jackson,21,F,baileyashley@example.org,831
396,Eduardo Logan,57,Other,nscott@example.net,198
397,Gregg Brown,23,Other,psmith@example.com,232
398,Kimberly Nelson,35,F,wilsondamon@example.net,412
399,Ryan Lee,48,Other,jefferybenitez@example.org,963
400,Crystal Fleming,29,F,kreynolds@example.org,799
401,Jonathan Dougherty,33,M,martinrebecca@example.net,66
402,Tammy Bennett DVM,40,Other,garciatyler@example.net,188
403,Bethany Gomez,62,F,phillipsmatthew@example.org,491
404,Theresa Castro,39,M,hsheppard@example.net,254
405,Kara Pierce,70,Other,murphymichael@example.com,251
406,Daniel Merritt PhD,65,M,seanjackson@example.org,986
407,Dana Hayes,69,F,qparker@example.org,434
408,David Payne,48,M,carrollkristin@example.org,348
409,Scott Cook,65,M,donna62@example.org,880
410,Jeffery Turner,24,F,jill67@example.net,377
411,Angela Ryan,26,M,carterjacob@example.org,741
412,Brandi Hubbard,50,Other,rachelgreen@example.com,678
413,Brittany Wilson DDS,60,Other,mschmidt@example.net,666
414,Brandon Knapp PhD,50,Other,trevorwallace@example.net,673
415,Brian Bennett,52,M,gmurphy@example.net,5
416,Jessica Dawson,58,M,hharvey@example.com,633
417,Melinda Hartman,51,F,trankevin@example.net,193
418,Jessica Good,63,F,rachelgarcia@example.net,345
419,Henry Rojas,68,F,susan61@example.com,242
420,Allison Thompson,61,Other,mprice@example.com,746
421,Michael Lopez,28,F,ymorales@example.com,625
422,Robert Michael,46,Other,danielthomas@example.org,337
423,Jean Woods,37,Other,irussell@example.net,375
424,Edward Castro,34,F,johnrobinson@example.com,620
425,Dawn Mitchell,50,Other,slara@example.net,970
426,Melissa Griffin,33,Other,collinswilliam@example.net,99
427,Anthony Ray,24,M,monique69@example.net,467
428,Sarah Rivera,41,Other,qboone@example.org,300
429,Marie Campbell,30,Other,angelaanderson@example.com,192
430,Cristian Johnson,54,Other,christina24@example.org,702
431,Sean Kim,65,F,christopherfrench@example.com,302
432,Dawn May,20,Other,terrycarol@example.com,642
433,Stacey Mccoy,32,M,hernandezchristopher@example.org,557
434,Marilyn Chapman,62,M,urowland@example.com,575
435,Laura Taylor MD,37,F,nancyjoseph@example.org,921
436,Heather Boone,64,Other,hubbardlisa@example.org,163
437,Sydney Patel,55,M,michaelchen@example.com,360
438,Shannon Choi,54,Other,jasonlarson@example.com,176
439,Briana Li,26,F,wallacedaniel@example.net,533
440,Charles Reyes,54,M,pzamora@example.com,997
441,Ronald Sanchez,59,Other,bmorales@example.net,713
442,Curtis Ward,41,Other,rodriguezmichael@example.org,775
443,Heather White,25,Other,yneal@example.net,383
444,William Wagner,35,Other,marshalljoseph@example.org,321
445,Scott Page,18,F,barbara32@example.net,330
446,James Davis,20,M,walkerronnie@example.net,865
447,Rachel Murphy,31,Other,toddloretta@example.com,296
448,Nicole Morgan,20,Other,cabreralaura@example.org,800
449,Danielle Andersen,60,Other,millerkyle@example.net,754
450,Jessica Campbell,63,M,miguel91@example.org,183
451,Curtis Brooks,34,M,vgriffin@example.net,81
452,Jeanne Heath,36,F,bmarquez@example.com,716
453,Tanya Roberts,28,Other,stevenfrost@example.org,574
454,William Daniels,36,Other,stephanie42@example.com,205
455,Annette Morris,40,F,tpace@example.net,19
456,Eric Goodwin,20,F,stricklandcassandra@example.org,761
457,Dennis Neal,20,Other,elizabethmorgan@example.com,757
458,Hannah Abbott,38,M,millerjason@example.org,86
459,Michele Garcia,54,Other,barrettkelly@example.org,811
460,Robert Allen,67,M,derrick26@example.net,855
461,Amy Williams,27,F,smithsean@example.com,104
462,Theresa Garcia MD,39,M,martin87@example.net,343
463,Rebecca Bernard,20,M,osimon@example.net,585
464,Sally Harmon,21,M,vegakaren@example.net,320
465,Tina Brown,19,M,kingangela@example.org,695
466,Sandra Robinson,45,Other,rhondamartinez@example.net,165
467,Donna Garcia DVM,48,F,zjohnson@example.net,903
468,James Campbell,21,F,cmclaughlin@example.net,106
469,Ryan Mitchell,39,Other,kleinlisa@example.net,698
470,Andrea Warner,44,F,williamsimmons@example.org,122
471,Jessica Hall,40,Other,johnlindsey@example.com,508
472,Douglas Ford,69,F,lewismichael@example.com,398
473,Laura Bowman,46,M,ndelacruz@example.net,586
474,Benjamin Carlson,55,M,dgill@example.org,684
475,Toni Larsen DVM,45,Other,smithdavid@example.org,582
476,Erica Ali,61,F,robyn62@example.net,843
477,Steven Heath,56,Other,shannonfox@example.com,790
478,Dr. Molly Carter DVM,52,F,smithmitchell@example.com,745
479,Jonathan Miller,63,Other,christian28@example.com,779
480,Shannon Mcdaniel,48,Other,reyesgina@example.org,416
481,Jerome Walton,31,F,parkerjamie@example.net,272
482,Heidi Rogers,21,F,matkinson@example.com,763
483,David Anderson,47,Other,berrymichelle@example.org,981
484,Linda Thompson,19,F,alyssa41@example.com,896
485,Carrie Barber,45,F,jimmywilliams@example.net,284
486,Tina Frost,22,M,campbellnicholas@example.com,917
487,Tyler Brown,19,M,lisa11@example.org,863
488,Jose Dickerson II,23,F,radams@example.net,402
489,Terry Thompson,52,F,padillageorge@example.org,162
490,John Cooper,48,M,williamsjesse@example.com,606
491,Alison Lawrence,25,F,paula21@example.org,848
492,David Young,25,F,matthewspencer@example.org,483
493,Gregory Robbins,47,Other,katelynsolomon@example.net,563
494,Willie Guerrero,32,F,amy30@example.com,20
495,John Nelson,29,Other,zwilson@example.net,102
496,Craig Watkins,43,Other,garciachristopher@example.com,8
497,Tyler Rowe,38,Other,henryeric@example.org,947
498,Glen Long,69,F,fstevenson@example.net,710
499,Patricia Brooks,36,F,sandra20@example.net,318
500,John Carter,40,Other,jose63@example.com,286
501,Ronald Stark,69,Other,hallvictor@example.org,58
502,Lindsey Flynn,18,F,heatherjohnson@example.net,846
503,Nicholas Smith,40,M,andrew36@example.org,195
504,Robert Braun,28,M,mooredarryl@example.com,863
505,Danielle Boyd,20,F,tinajones@example.org,788
506,Sarah Roberts,32,Other,james99@example.com,829
507,Nicholas Watson,18,M,williamwalker@example.net,408
508,Julie Taylor,30,M,cookjessica@example.com,700
509,Allison Wright,42,F,jeffross@example.org,840
510,Mary Richardson,54,Other,ashleyshah@example.org,80
511,Timothy Blake,18,Other,katherinehanson@example.org,380
512,Rachel Soto,37,Other,scox@example.org,642
513,Gloria Villa,23,M,jonesjustin@example.com,633
514,Victoria Thompson,24,F,crystal87@example.net,653
515,Miguel Reese,43,F,paulabrown@example.com,306
516,Mary Escobar,42,M,roberthoward@example.net,47
517,Brittany Galvan,70,F,blacktammy@example.com,434
518,Gene Howard,45,M,karen57@example.org,168
519,David Sheppard,28,F,thall@example.com,510
520,Jamie Parker,47,M,johnsonbrian@example.com,374
521,Richard Huff,43,F,taylorgarrett@example.net,999
522,Aaron Lawson Jr.,48,M,djackson@example.com,330
523,Scott Montoya,32,F,jreynolds@example.org,178
524,Tyler Frank,41,F,travis22@example.net,559
525,Taylor Cox,42,F,pshelton@example.com,2
526,Ronnie Chambers,66,Other,cynthia73@example.net,238
527,Dr. April Torres,66,F,phillipscharles@example.org,773
528,Lee Harris,56,M,kellerdeborah@example.org,895
529,Elizabeth Johnson,50,Other,frhodes@example.net,794
530,Rita Hamilton,68,M,saramiranda@example.com,378
531,Darrell Travis,49,M,kathleen44@example.net,889
532,Mrs. Emily Potts,20,Other,mkelley@example.net,819
533,Johnny Martin,20,Other,coryedwards@example.org,331
534,Jeremiah Henderson,61,M,cwilson@example.org,927
535,Caitlin Thomas,37,Other,nicole38@example.net,759
536,John Wood,60,F,reyesmichael@example.com,642
537,Sara Hernandez,66,F,caseysamuel@example.com,902
538,Michael Turner,36,M,uhoward@example.com,507
539,Mrs. Jeanne Dawson,38,M,zacharysanchez@example.org,949
540,Sean Greer,32,Other,karen48@example.net,912
541,Calvin Crosby,35,M,bridget19@example.org,37
542,Stephanie Chase,23,M,sarah08@example.org,655
543,Denise Wheeler,24,F,andersonheather@example.net,470
544,John Russell,20,Other,stacey99@example.com,420
545,Michael Calderon,53,M,james98@example.net,487
546,Douglas Ramsey,46,Other,wflores@example.net,820
547,Nicholas Oneal,47,F,whitemichael@example.net,574
548,Jeremy Smith,19,Other,ksmith@example.com,894
549,Jacob Mann,55,Other,sean81@example.com,433
550,Alexander Shelton,68,Other,dgardner@example.com,90
551,Jeffrey Cooley,47,M,virginia17@example.org,326
552,Elaine Lewis,50,F,joshuasmith@example.net,442
553,Paul Lam,48,Other,brownjavier@example.com,190
554,Thomas Jones,68,Other,frank76@example.com,189
555,Victor Little,39,F,michael72@example.org,180
556,Brittany Davis,29,M,ayersdavid@example.org,609
557,Jamie Evans,18,Other,millsdaniel@example.org,13
558,Jacqueline Madden,21,M,joshua55@example.net,615
559,Frank Parker,35,F,miranda12@example.org,922
560,Tracy Ritter,34,F,sblevins@example.org,374
561,Brianna Potter,50,Other,lori89@example.net,792
562,Sabrina Garcia,38,Other,moorejoshua@example.com,338
563,Kyle Smith,19,Other,adam76@example.org,542
564,Hunter Mendoza,70,F,harrisjeffrey@example.org,938
565,Lisa Ingram,59,Other,tracy20@example.org,593
566,Kyle Parks,54,M,sherrera@example.com,214
567,Aaron Morgan,43,F,christinelarson@example.net,927
568,Donna Barron,57,F,stephentorres@example.com,596
569,Andrea Copeland,28,F,ekemp@example.net,161
570,Edward Moore,37,F,teresabarnett@example.net,697
571,Laurie Gonzalez,68,Other,cgonzalez@example.net,776
572,Brad Oneal,21,M,kristenfranklin@example.net,297
573,Hannah White,46,F,michael32@example.net,363
574,Warren Parker,49,F,dvelasquez@example.com,320
575,Jasmine Russo,56,Other,whitelisa@example.net,106
576,Rachael Lopez,51,Other,kellypowell@example.org,288
577,Brandon Stewart,69,F,leejamie@example.org,373
578,Jimmy Ward,28,M,uerickson@example.com,931
579,Jessica Moore,29,F,rwells@example.net,602
580,Emily Wilson,52,Other,ffreeman@example.net,640
581,Mr. Thomas Vazquez MD,25,M,debbie95@example.org,609
582,Beverly Reynolds,44,M,mmolina@example.net,878
583,Kimberly Morris,63,Other,edoyle@example.com,353
584,Christine Lopez,40,F,stephen69@example.org,498
585,Linda Fleming,29,M,elizabethanderson@example.net,401
586,Richard Thompson,20,F,jvaldez@example.net,405
587,Heather Spencer,66,M,charlene96@example.org,491
588,Janet Villegas,54,Other,frivera@example.org,20
589,Jacob Padilla,19,Other,bmendoza@example.net,575
590,Christopher Nelson,38,M,petersonchristina@example.net,896
591,Johnathan Pierce,35,F,apeck@example.net,165
592,Robert Williams,49,M,growe@example.org,113
593,Kevin Sanders,47,F,tracey57@example.net,870
594,Emily Brown,61,Other,qmcneil@example.net,649
595,Ashley Romero,44,Other,bmoreno@example.net,26
596,Scott Mitchell,54,F,sierraallen@example.net,552
597,Pamela Jefferson,31,Other,renee69@example.net,389
598,Todd Welch,47,Other,chad22@example.net,72
599,Amanda Bell,62,F,warrenxavier@example.net,733
600,Thomas Larson,34,F,vanessa10@example.org,990
601,Megan Weber,40,Other,coopercynthia@example.net,10
602,Denise Ballard,62,F,kevin22@example.org,493
603,Jeanette Thompson,27,M,austin80@example.org,56
604,Jessica Sullivan,23,Other,reedtracy@example.org,885
605,Diane Cummings,54,F,nfoster@example.com,694
606,Michael Salas DDS,28,F,courtney12@example.net,691
607,Sean Elliott,53,M,alanwalker@example.org,574
608,Clifford Bartlett,26,Other,williamsmichelle@example.com,905
609,Patricia Krause,25,M,johnjohnson@example.net,348
610,Joseph Blanchard,54,F,henryvanessa@example.net,22
611,Tyler Smith,25,M,jillzimmerman@example.net,27
612,Norma Johnson,42,M,nmckee@example.org,248
613,Joseph Haynes,52,Other,barbara28@example.com,879
614,Bonnie Nelson,26,M,cevans@example.org,469
615,Melissa Rosario,18,Other,ashleypennington@example.com,503
616,Christine Wade,70,M,bhowell@example.com,687
617,Stephanie Sheppard,63,F,theresa45@example.net,333
618,Sandra Owens,39,F,deckerdarrell@example.org,789
619,Breanna Mitchell,25,M,flowersnathaniel@example.org,745
620,Kelly Martin,21,M,uscott@example.org,975
621,Clifford Hayden,59,M,dawn17@example.net,309
622,Lisa Sanchez,63,M,qdavis@example.org,528
623,Haley Hardy,39,Other,kennedymatthew@example.org,442
624,Isaiah Floyd,24,M,amyfigueroa@example.net,122
625,Kristine Thompson,45,F,jamie31@example.org,592
626,Dennis Avila,59,F,sdavis@example.org,462
627,Elizabeth Kim,61,F,jonathan01@example.com,280
628,Heather Warner,54,Other,stevenmurphy@example.org,354
629,Teresa Novak,36,M,avilachristopher@example.com,307
630,Megan Weber,42,F,lewisjeffrey@example.com,753
631,Karen Lewis,47,M,monicagreen@example.com,289
632,Alicia Sexton,59,M,chad67@example.org,721
633,Russell Taylor,40,Other,james81@example.com,680
634,Ashley Lopez,18,F,michaelbrock@example.net,128
635,Linda Wagner,41,M,caitlin99@example.org,847
636,Kevin Alvarez,60,Other,durhamamy@example.org,37
637,Tom Richardson,44,F,felicia54@example.net,297
638,Philip Sanchez,26,Other,tanderson@example.org,160
639,Melissa Martin,64,F,susanlewis@example.org,622
640,Lisa Miller,32,Other,lfrye@example.com,531
641,Angela Campos,23,Other,jennifergreen@example.org,105
642,Amanda Martinez,56,M,robertayala@example.org,623
643,Teresa Villarreal,21,M,dmartinez@example.net,850
644,Laura Bautista,59,Other,paulanderson@example.org,541
645,Sydney Rowe,20,Other,pamela93@example.com,323
646,Melissa Charles,51,F,matthew16@example.com,977
647,Raymond Hudson,44,F,tracynielsen@example.org,655
648,Stephanie Molina,51,F,ekeller@example.com,222
649,Manuel Stewart,46,Other,kurtanderson@example.org,110
650,Jenna Goodman,68,Other,jacquelinegross@example.org,364
651,Deborah Rogers,57,M,richard25@example.org,214
652,Christopher Chandler,51,M,booneashley@example.com,453
653,Ana Vega,35,Other,amber39@example.net,574
654,Monica Adams,46,F,gina56@example.com,486
655,Shannon Garrett,18,M,heather27@example.net,642
656,Stephanie Howell,64,F,dawn38@example.org,412
657,Eileen Bean,21,M,evargas@example.net,775
658,Aaron Houston,49,F,tsmith@example.org,996
659,Jenny Bishop,25,M,nicolehenderson@example.net,876
660,Adrian Roach,45,F,brandonstewart@example.net,754
661,Taylor Perry,68,F,casepatricia@example.com,893
662,James Brown,21,Other,coxbenjamin@example.net,173
663,Robert Scott,40,F,scottbrooks@example.com,930
664,Isaiah Pearson,60,Other,nicolefleming@example.net,911
665,Joel Bright,26,M,matthew99@example.net,980
666,Jerry Young,39,M,kluna@example.org,29
667,Mrs. Shelby Wright DDS,22,Other,jonesmatthew@example.com,67
668,Brittany Meyer,68,F,laura11@example.com,92
669,Shelby Walsh,21,M,kjones@example.org,690
670,Jennifer Rojas,31,F,allenbenjamin@example.org,631
671,Mr. Anthony Osborn MD,39,M,stephanie73@example.net,899
672,Bob Wilson,34,Other,ericahernandez@example.com,581
673,Nicole Johnson,31,M,bryanmassey@example.net,611
674,Jesse Gibbs,52,F,andersonjonathan@example.com,135
675,Douglas Lara,33,F,halleric@example.org,136
676,Colleen Clark,35,M,rodriguezjeremy@example.com,121
677,Joseph Baker,67,Other,christinecalhoun@example.net,386
678,Miss Rhonda Gray,56,Other,gabriel85@example.org,51
679,Sharon Zavala,66,M,terri89@example.net,116
680,Manuel Collins,66,M,psims@example.com,912
681,Shane Dudley,19,F,nicole75@example.net,19
682,Shelia Burns,36,Other,navarrodavid@example.org,385
683,Anthony Clark,65,M,gonzalezsamantha@example.org,694
684,Jennifer Carrillo,58,F,frencherica@example.net,185
685,Jason Martinez,35,M,markchristensen@example.net,461
686,Kerri Zimmerman,21,M,micheal77@example.com,204
687,Amy Robinson,26,F,kathleen31@example.net,255
688,Darryl Moore,53,M,sharon19@example.net,33
689,Elizabeth Lamb,70,F,deannataylor@example.net,850
690,Erika Johnson,32,F,oavery@example.org,645
691,Jasmine Wiggins,21,M,sarah33@example.org,797
692,Jon Taylor,23,M,lisawilliams@example.com,277
693,Todd Sanchez,66,F,shepherdchristopher@example.net,536
694,David Patel,67,M,david92@example.org,814
695,Jill Bryan DVM,46,Other,smithkenneth@example.org,663
696,Mary Scott,38,Other,richardsonkelly@example.net,956
697,Rebecca Robertson,48,F,donnajackson@example.org,528
698,Timothy Hayes,63,F,wandahall@example.com,299
699,Lynn Flynn,32,F,kayla02@example.org,239
700,Andrew Caldwell,30,Other,melissafry@example.net,164
701,Philip Carter,36,F,awebster@example.net,609
702,Alicia Gray,37,F,kharris@example.com,875
703,Lauren Ray,42,Other,lynn07@example.org,942
704,Timothy Fuentes,64,M,holmesangelica@example.org,444
705,Carrie Lopez,25,F,jesse47@example.org,534
706,Bryan Nunez,55,Other,adamfreeman@example.net,81
707,Amy Clarke,51,M,frederickjacobs@example.net,149
708,Christopher Fowler,60,F,jason46@example.com,631
709,Robert Vasquez,26,M,lrodriguez@example.org,653
710,Kevin Patel,38,F,jacqueline92@example.org,259
711,Dr. Richard Stone,28,F,kmiller@example.net,850
712,David White,70,M,rojasmichelle@example.com,265
713,Alex Lowe,45,F,warrenashley@example.com,293
714,Diana Le,24,F,floresjermaine@example.com,734
715,Jeremiah Stevenson,50,F,jasonreid@example.net,694
716,Isaiah Dominguez,21,Other,zbarber@example.net,454
717,Christopher Smith,38,Other,munozelizabeth@example.net,254
718,Karen Francis,43,F,mark78@example.net,521
719,John Ellis,38,F,john53@example.com,484
720,Jeffrey Andrews,53,Other,vanessa99@example.org,922
721,Julie Bryan,31,F,campbellleslie@example.com,44
722,Sarah Henry,42,M,carolineevans@example.org,835
723,Lauren Taylor,38,Other,jessicaswanson@example.com,951
724,Dana Miller,50,M,mark84@example.com,202
725,Jenny Cook,27,F,ywalker@example.com,771
726,Christine Tate,58,Other,nancy07@example.org,295
727,Tina Kirby,46,Other,brookemoore@example.com,539
728,Scott Cook,68,F,steven70@example.net,404
729,Walter Perez,41,Other,vargasandrea@example.com,594
730,Robert Williams,40,M,brian45@example.org,955
731,Rachel Smith,35,Other,amy12@example.com,746
732,Adam Gilbert,54,F,jenniferchen@example.org,432
733,Jacqueline Levy,51,F,ngarcia@example.com,563
734,Richard Jackson,21,M,duranjennifer@example.org,267
735,Christine Benson,39,Other,pchambers@example.net,724
736,Tina Peterson,24,Other,rachelnielsen@example.org,486
737,Julia Stokes,64,F,esparks@example.com,206
738,John Yang,70,F,kelly92@example.com,394
739,Eugene Nicholson,33,F,eadams@example.com,281
740,Lawrence Solis,21,Other,grace72@example.org,522
741,Lori Wilson,20,Other,ustewart@example.org,310
742,Gregory Campbell,56,M,millersherry@example.org,209
743,George Pierce,19,M,popejamie@example.com,936
744,Cindy Gallegos,30,F,raytheresa@example.org,790
745,Aaron Smith,58,F,wcortez@example.net,146
746,Eric Vargas,51,M,berrymonique@example.com,340
747,Bobby Gregory,60,Other,matthewhall@example.com,322
748,William Jackson,51,M,james45@example.net,661
749,Vincent Griffin,27,Other,dominguezandrea@example.org,414
750,Amy Lee,58,M,munozmichelle@example.org,106
751,Jennifer Mason,56,Other,ghansen@example.net,526
752,Courtney Rodriguez,59,M,andrew69@example.com,125
753,Cassidy Curtis,48,M,tmiller@example.net,63
754,Ryan Allen,18,Other,olivia14@example.com,77
755,Mrs. Amanda Morgan DDS,48,M,mcooley@example.org,504
756,Kimberly Rios,22,Other,annajones@example.org,475
757,Patricia Shaffer,34,M,michaelfernandez@example.com,263
758,Wayne Silva,30,Other,vmiller@example.org,151
759,Michael Knight,35,Other,julienewman@example.net,222
760,Sherry Vazquez,45,F,rogersemily@example.net,170
761,Valerie Pham,43,F,tsingleton@example.net,218
762,Mrs. Angela Richardson,51,F,garciajesse@example.org,834
763,Elizabeth Mcfarland,30,Other,bradysarah@example.com,411
764,Patrick Anderson,22,Other,masonsara@example.org,141
765,Nancy Taylor,68,M,briannathomas@example.net,63
766,Samuel Figueroa,59,Other,parkerchristina@example.org,913
767,Evan Hutchinson,55,M,nataliescott@example.org,444
768,Wesley Oconnor,68,F,woliver@example.net,626
769,John Quinn,38,Other,alvarezmichael@example.net,248
770,Shaun Prince,70,M,michellelambert@example.com,885
771,Lauren Lopez,22,F,elaine47@example.net,389
772,Julie Salazar,37,F,brianna67@example.com,984
773,Abigail Sanchez,21,F,vaughanteresa@example.org,467
774,Christina Gregory,67,Other,qnash@example.net,651
775,Jamie Lee,45,F,jeffreygraham@example.com,920
776,Wendy Russo,22,Other,xcarrillo@example.com,546
777,Ronnie Petersen,48,F,ywarren@example.net,906
778,William Watkins,52,Other,jennifermorgan@example.com,799
779,Emily Price,59,M,mitchellmonica@example.org,408
780,Tammy Cruz,44,Other,lisagrimes@example.net,875
781,Michelle Patterson,37,F,ldavis@example.net,506
782,Tony Robles,44,M,zimmermanaaron@example.net,362
783,Brandon York,29,M,alvaradolisa@example.com,469
784,Phyllis Hunt,55,Other,moorewayne@example.com,448
785,Gabriela Norris,62,M,gwilson@example.com,506
786,Mary Tran,70,F,daleford@example.net,6
787,Ryan Long,32,F,erin75@example.com,995
788,Timothy Flores,47,Other,anthonymiller@example.net,774
789,Heather Ellis,52,F,lisamiller@example.net,892
790,Brandy Hull,45,Other,harmonbrenda@example.net,163
791,Cynthia Montes,66,Other,michael08@example.net,170
792,Richard Jones,57,F,susan38@example.net,133
793,Amy Hoffman,69,F,hcaldwell@example.org,333
794,Nicholas Davis,67,F,pierceterri@example.net,394
795,Madison Smith,61,M,wendy30@example.net,595
796,Sara Green,60,M,sandra68@example.org,487
797,Jason Ballard,31,M,tina29@example.org,575
798,Hannah Cox,46,M,navarroalyssa@example.org,442
799,Vanessa Moore,19,M,donna63@example.com,853
800,Kyle Gilbert,58,Other,michelle39@example.org,302
801,Mrs. Lori Cantu,49,M,ysosa@example.net,65
802,Ms. Danielle Branch MD,55,M,adam38@example.net,988
803,Martha May,62,M,heather82@example.net,819
804,Matthew Parker,30,M,cherylcastro@example.net,553
805,Ashley Price,68,Other,rrose@example.net,400
806,Carlos Simpson,42,Other,ncarter@example.com,731
807,Carly Lewis,44,Other,smiththomas@example.net,90
808,Anna Wood,28,M,palmerleslie@example.net,519
809,Janet Fields,48,M,leemelissa@example.org,172
810,Michael King,52,F,dmartin@example.org,873
811,Brandy Villanueva,31,F,sanchezcarlos@example.org,251
812,Christie Adams,51,F,smithdakota@example.net,600
813,Vincent Wolfe,60,Other,jonathan79@example.net,340
814,Ryan Little,25,Other,stewartkaren@example.net,496
815,Mitchell Garza,50,Other,qgarrett@example.org,354
816,Chad Young,60,M,tim70@example.com,902
817,Dr. Debra Shaw,33,M,edwardsbrittany@example.org,165
818,Anthony Marsh,29,M,mollybaker@example.com,243
819,Kristen Benson,66,F,imyers@example.com,550
820,Patricia Hudson,68,Other,calhounedgar@example.org,68
821,Tracy Boyd,24,F,kingaaron@example.net,850
822,John Riley,44,F,alanelliott@example.net,434
823,Leah Grant,33,Other,megan92@example.org,900
824,Sheila Sheppard,36,M,ududley@example.org,638
825,Tom Burke,28,M,richard75@example.net,115
826,Jeffrey Leblanc,53,F,tony85@example.com,342
827,Raymond Burton,18,F,adamsjon@example.net,444
828,Cynthia Wright,32,F,glennchelsea@example.org,770
829,Christine Smith,70,F,hudsonalison@example.org,995
830,James Oneal,55,Other,onavarro@example.net,719
831,Brian Padilla,44,Other,ocrawford@example.com,953
832,Mrs. Amy Roberts,18,M,qgay@example.org,908
833,Yvonne Chase,50,F,coopercraig@example.org,59
834,Summer Chung,36,Other,justinhinton@example.net,52
835,Amanda Morton,32,Other,justinhuffman@example.net,880
836,Natasha Allison,45,F,gdavis@example.org,848
837,Jasmine Montoya,20,M,ejones@example.net,989
838,Nicholas Alvarez,39,Other,wboone@example.net,687
839,Michael Mullins,38,F,mathewsjennifer@example.com,309
840,Kelly Davis,64,M,keithbishop@example.net,218
841,Brandi Rosario,45,Other,swansonmark@example.org,274
842,Jose Hutchinson,65,M,brian67@example.com,115
843,Roger Davis,45,F,michael12@example.org,413
844,Elizabeth Johnson,45,M,palexander@example.net,741
845,Norman Friedman,30,Other,hawkinsmatthew@example.org,3
846,Destiny Calderon,20,M,ryan99@example.net,476
847,Matthew Williamson,52,Other,franklinhill@example.org,305
848,Latoya Smith,22,Other,alexismendoza@example.com,544
849,Darin Bernard,59,Other,edwardpatrick@example.org,431
850,Phillip Walker,56,Other,matajessica@example.org,583
851,James Bailey,21,Other,kristenellison@example.com,35
852,Mary Nguyen DVM,28,M,qwood@example.org,299
853,Melissa Hutchinson,65,Other,kdavis@example.com,985
854,Alice Clarke,40,Other,sonyaferrell@example.com,22
855,Shane Houston,64,M,olopez@example.com,950
856,Sean Mills,39,Other,cmorrow@example.com,826
857,Benjamin Klein,20,M,michael19@example.net,956
858,Deborah Scott DVM,34,M,walkerfrank@example.com,435
859,Eric Schwartz,38,Other,ramseyjonathan@example.net,898
860,Tina Lee,63,F,patrick69@example.net,902
861,Karen Deleon,56,Other,pmercer@example.org,180
862,Taylor Payne,60,M,justinanderson@example.com,452
863,Karl Henry,51,F,estradarodney@example.com,874
864,Rachel Crosby,38,M,cduran@example.org,819
865,Lauren Beltran,25,F,david34@example.org,175
866,Carol Vasquez,19,F,hmcbride@example.org,992
867,Melissa Guerrero,40,M,jschaefer@example.org,107
868,Brittany Cannon,62,M,fmarquez@example.org,540
869,Ryan Terry MD,43,M,andrearoberts@example.net,874
870,John Sanchez,32,F,danielle29@example.com,43
871,Samuel Tate,49,M,nathanieloneill@example.net,602
872,Yvonne Villanueva,35,M,ojackson@example.com,631
873,Christopher Price,30,M,vdixon@example.net,283
874,Lisa Lewis,23,F,rodriguezscott@example.org,48
875,Marissa Snyder,29,F,zachary77@example.net,370
876,Rebecca Fry,31,F,zayala@example.org,210
877,Mary Smith,20,M,adamwhitaker@example.org,789
878,Sarah Long,36,M,christopherdennis@example.org,337
879,Joseph Johnson,56,Other,stacy73@example.com,723
880,Eric Mahoney,49,F,alexander90@example.net,773
881,Annette Norman,40,M,bradleyjames@example.com,3
882,Peter Mcdonald,64,M,qevans@example.com,934
883,Colin Mcintyre,34,F,sheila89@example.com,844
884,Richard Meza,56,M,michelle98@example.org,961
885,Sarah Smith,35,F,marissaandrade@example.net,676
886,Nicole Mason,56,F,jacksoncynthia@example.org,314
887,Suzanne Hensley,58,F,lawsonjulia@example.net,808
888,Gary Ramirez,47,F,daniel31@example.net,904
889,Katherine Keller,39,Other,ucarpenter@example.net,543
890,Andrew Adkins,48,M,howardjoseph@example.net,362
891,Jonathan Knapp,18,F,thomasanthony@example.net,896
892,Mary Williams,41,M,mckinneyjeffrey@example.net,487
893,Tricia Garrett,18,M,hendrixbradley@example.net,931
894,Joshua Thompson,64,M,xbaker@example.net,552
895,Vanessa Morgan,66,M,cookraymond@example.com,42
896,Mary Rodriguez,36,Other,erikahoward@example.net,646
897,Julie Santiago,65,M,yhughes@example.com,716
898,Sara Zhang,45,F,ambermann@example.net,793
899,Logan Sosa,67,Other,michael35@example.net,433
900,Alicia Small,36,Other,xcampos@example.org,783
901,Thomas Roman,33,M,elizabeth31@example.org,849
902,Sarah Miller,51,F,dwaynethompson@example.org,348
903,Patrick Henderson,48,Other,vadkins@example.com,736
904,Devin Gates,54,Other,brandi88@example.net,586
905,Joshua Li,59,Other,donaldatkinson@example.net,688
906,Kyle Arnold,54,F,gentryjames@example.com,460
907,Frank Colon,45,Other,janetyang@example.org,211
908,Daniel Moore,19,F,riosamanda@example.net,849
909,Judith Barton,19,Other,matthewmiller@example.net,450
910,Tyler Bean,30,F,diazbrian@example.org,302
911,Nicole Hall,35,Other,smithlaura@example.net,860
912,Evan Baker,25,F,hallsamuel@example.net,545
913,Bethany Flores,46,F,sanchezsusan@example.com,233
914,Mr. Fred Hall,36,F,tannertara@example.org,685
915,Willie Miller,67,F,kenneth57@example.net,847
916,Jessica Wiley,47,Other,cantrellcory@example.com,924
917,Dillon Warren,58,Other,juliehiggins@example.com,401
918,Brett Parker,28,Other,dmcdaniel@example.org,168
919,Diana Edwards,56,M,hgonzalez@example.com,943
920,Robert Jefferson,26,F,sjohnson@example.com,907
921,Jonathan Ruiz,62,Other,fmorris@example.com,176
922,Haley Villarreal,51,M,maryhaynes@example.org,462
923,Lauren Young,40,M,haley30@example.com,34
924,Jonathan Clay,38,M,zbrooks@example.net,403
925,David Pena,46,M,brenda50@example.net,50
926,Melissa Roberts,20,F,brandonweber@example.net,209
927,Lynn Olson,50,M,gregory17@example.com,538
928,David Richmond,66,M,jfreeman@example.org,630
929,Autumn Chang,23,M,hmullen@example.net,499
930,Christina Smith,68,F,amandadelacruz@example.org,206
931,Gary Levy,56,M,qmorales@example.com,826
932,Mrs. Lindsey Rice,67,M,jennarice@example.net,182
933,Miss Stephanie Butler MD,30,F,linda53@example.com,245
934,Michelle Johnson,46,F,andrewmack@example.com,921
935,Melanie Sloan,27,Other,seancross@example.org,838
936,Steven Peterson,51,Other,williamsamanda@example.com,220
937,Mark Miller,50,M,kathrynblair@example.com,562
938,Andrew Edwards,22,Other,jfields@example.net,5
939,Jesse Fox,20,F,rachel39@example.com,357
940,Jesus Mendez,25,Other,jonesjoseph@example.org,354
941,Jeremy Lang,46,F,newtonjulie@example.com,859
942,Marcus Moore,29,Other,michaelortiz@example.com,22
943,Heather Davis,52,F,qgutierrez@example.org,681
944,Marcia Roberts,18,Other,pjohnson@example.com,888
945,Michelle Velazquez,64,F,vgonzales@example.com,635
946,Sandy Cooper,42,M,ysmith@example.net,782
947,Sharon Phillips,44,Other,navarrojoseph@example.net,177
948,Steven Scott,45,M,pward@example.com,779
949,Catherine Day,25,F,nguyenzachary@example.org,489
950,Anne Boyd,34,M,rebecca75@example.net,554
951,Michael Sullivan,63,Other,nsmith@example.net,707
952,Kevin Welch,53,M,mmills@example.com,755
953,Jennifer Harvey,42,Other,meganlewis@example.com,854
954,Mark Smith,50,Other,olowery@example.net,585
955,Mr. Matthew Clements DDS,60,F,kylewest@example.org,451
956,Daniel Edwards,68,M,loganjesse@example.com,574
957,Andrew Humphrey,46,F,qmcguire@example.net,623
958,Christina Johnson,47,M,tharper@example.com,353
959,Elizabeth Morrison,36,Other,john52@example.com,273
960,Robert Johnson,40,M,vpittman@example.net,59
961,Elizabeth Ochoa,64,Other,melvin41@example.net,829
962,Louis Smith,27,F,bjohnson@example.com,471
963,Paul Phillips,31,F,williamnewton@example.com,609
964,David Dennis,65,F,smcintyre@example.org,862
965,Brittany Mendoza,39,Other,yfernandez@example.org,826
966,Michael King,30,M,leegeorge@example.net,187
967,John Cox,50,Other,cmann@example.org,569
968,Kathy Fuller,51,M,rstevens@example.net,931
969,Julie Francis,31,F,beckcarolyn@example.org,134
970,Laura Daniels,63,M,dgarza@example.org,478
971,Mike Johnson,42,Other,zrose@example.net,679
972,David Silva,53,M,christophercarson@example.com,782
973,John Thomas,28,M,garciajeremy@example.net,450
974,Raymond Simon,69,Other,elizabethbrown@example.org,715
975,Anthony Banks,21,F,tami50@example.net,821
976,Shawn Macdonald,26,M,jessica14@example.net,160
977,Cody Hunt,61,F,christyrivera@example.net,325
978,Maria Wilson,31,F,sullivanandrew@example.net,13
979,Jessica Higgins,51,F,dawnliu@example.org,244
980,Emily English,46,F,annmartin@example.com,845
981,Wesley Singh,64,F,qwilkerson@example.net,326
982,Andrew Garcia,23,M,sheenadavis@example.com,285
983,Jessica Archer,64,Other,virginia80@example.org,820
984,Nancy Johnson,70,Other,mfletcher@example.org,717
985,Kaitlin Watts,35,Other,tking@example.org,606
986,Christina Hamilton,20,Other,blong@example.com,364
987,Alexis Hull,60,Other,stephanie43@example.com,109
988,Marilyn Gray,24,M,brianroberson@example.org,813
989,Michelle Garcia,29,M,vbell@example.org,122
990,Heidi Foster,33,M,joanna61@example.net,144
991,Julie Shelton,23,F,flemingcrystal@example.org,719
992,Tracy Palmer,46,Other,meganblackwell@example.org,357
993,Sonya Taylor,38,F,valdezvanessa@example.com,431
994,Michael Bryant,18,Other,karl85@example.net,818
995,Barbara Goodman,22,M,jonesdanielle@example.com,972
996,Rebecca Herrera,34,Other,hkennedy@example.com,156
997,Jason Alvarez,65,Other,hartmanchristopher@example.org,458
998,Michael Carey,63,F,jerrymills@example.com,181
999,Shannon Parrish,37,Other,barnettlindsay@example.com,332
1000,Brooke Mcintyre,70,Other,ambertrevino@example.org,3
